STRUCTURE,STRUCTURE_ID,STRUCTURE_NAME,freq,Time frequency,unit,Unit of measure,na_item,National accounts indicator (ESA 2010),geo,Geopolitical entity (reporting),TIME_PERIOD,Time,OBS_VALUE,Observation value,OBS_FLAG,Observation status (Flag) V2 structure,CONF_STATUS,Confidentiality status (flag)
dataflow,ESTAT:NAMA_10_GDP(1.0),"Gross domestic product (GDP) and main components (output, expenditure and income)",A,Annual,CLV10_MEUR,"Chain linked volumes (2010), million euro",B1GQ,Gross domestic product at market prices,DE,Germany,1995,,2170072.0,,,,,
dataflow,ESTAT:NAMA_10_GDP(1.0),"Gross domestic product (GDP) and main components (output, expenditure and income)",A,Annual,CLV10_MEUR,"Chain linked volumes (2010), million euro",B1GQ,Gross domestic product at market prices,DE,Germany,1996,,2192594.7,,,,,
dataflow,ESTAT:NAMA_10_GDP(1.0),"Gross domestic product (GDP) and main components (output, expenditure and income)",A,Annual,CLV10_MEUR,"Chain linked volumes (2010), million euro",B1GQ,Gross domestic product at market prices,DE,Germany,1997,,2233252.4,,,,,
dataflow,ESTAT:NAMA_10_GDP(1.0),"Gross domestic product (GDP) and main components (output, expenditure and income)",A,Annual,CLV10_MEUR,"Chain linked volumes (2010), million euro",B1GQ,Gross domestic product at market prices,DE,Germany,1998,,2280052.8,,,,,
dataflow,ESTAT:NAMA_10_GDP(1.0),"Gross domestic product (GDP) and main components (output, expenditure and income)",A,Annual,CLV10_MEUR,"Chain linked volumes (2010), million euro",B1GQ,Gross domestic product at market prices,DE,Germany,1999,,2328608.1,,,,,
dataflow,ESTAT:NAMA_10_GDP(1.0),"Gross domestic product (GDP) and main components (output, expenditure and income)",A,Annual,CLV10_MEUR,"Chain linked volumes (2010), million euro",B1GQ,Gross domestic product at market prices,DE,Germany,2000,,2395591.0,,,,,
dataflow,ESTAT:NAMA_10_GDP(1.0),"Gross domestic product (GDP) and main components (output, expenditure and income)",A,Annual,CLV10_MEUR,"Chain linked volumes (2010), million euro",B1GQ,Gross domestic product at market prices,DE,Germany,2001,,2434786.3,,,,,
dataflow,ESTAT:NAMA_10_GDP(1.0),"Gross domestic product (GDP) and main components (output, expenditure and income)",A,Annual,CLV10_MEUR,"Chain linked volumes (2010), million euro",B1GQ,Gross domestic product at market prices,DE,Germany,2002,,2429228.8,,,,,
dataflow,ESTAT:NAMA_10_GDP(1.0),"Gross domestic product (GDP) and main components (output, expenditure and income)",A,Annual,CLV10_MEUR,"Chain linked volumes (2010), million euro",B1GQ,Gross domestic product at market prices,DE,Germany,2003,,2416358.7,,,,,
dataflow,ESTAT:NAMA_10_GDP(1.0),"Gross domestic product (GDP) and main components (output, expenditure and income)",A,Annual,CLV10_MEUR,"Chain linked volumes (2010), million euro",B1GQ,Gross domestic product at market prices,DE,Germany,2004,,2444438.9,,,,,
dataflow,ESTAT:NAMA_10_GDP(1.0),"Gross domestic product (GDP) and main components (output, expenditure and income)",A,Annual,CLV10_MEUR,"Chain linked volumes (2010), million euro",B1GQ,Gross domestic product at market prices,DE,Germany,2005,,2466084.0,,,,,
dataflow,ESTAT:NAMA_10_GDP(1.0),"Gross domestic product (GDP) and main components (output, expenditure and income)",A,Annual,CLV10_MEUR,"Chain linked volumes (2010), million euro",B1GQ,Gross domestic product at market prices,DE,Germany,2006,,2561439.6,,,,,
dataflow,ESTAT:NAMA_10_GDP(1.0),"Gross domestic product (GDP) and main components (output, expenditure and income)",A,Annual,CLV10_MEUR,"Chain linked volumes (2010), million euro",B1GQ,Gross domestic product at market prices,DE,Germany,2007,,2635442.6,,,,,
dataflow,ESTAT:NAMA_10_GDP(1.0),"Gross domestic product (GDP) and main components (output, expenditure and income)",A,Annual,CLV10_MEUR,"Chain linked volumes (2010), million euro",B1GQ,Gross domestic product at market prices,DE,Germany,2008,,2658842.8,,,,,
dataflow,ESTAT:NAMA_10_GDP(1.0),"Gross domestic product (GDP) and main components (output, expenditure and income)",A,Annual,CLV10_MEUR,"Chain linked volumes (2010), million euro",B1GQ,Gross domestic product at market prices,DE,Germany,2009,,2511421.8,,,,,
dataflow,ESTAT:NAMA_10_GDP(1.0),"Gross domestic product (GDP) and main components (output, expenditure and income)",A,Annual,CLV10_MEUR,"Chain linked volumes (2010), million euro",B1GQ,Gross domestic product at market prices,DE,Germany,2010,,2615260.0,,,,,
dataflow,ESTAT:NAMA_10_GDP(1.0),"Gross domestic product (GDP) and main components (output, expenditure and income)",A,Annual,CLV10_MEUR,"Chain linked volumes (2010), million euro",B1GQ,Gross domestic product at market prices,DE,Germany,2011,,2713540.7,,,,,
dataflow,ESTAT:NAMA_10_GDP(1.0),"Gross domestic product (GDP) and main components (output, expenditure and income)",A,Annual,CLV10_MEUR,"Chain linked volumes (2010), million euro",B1GQ,Gross domestic product at market prices,DE,Germany,2012,,2726118.2,,,,,
dataflow,ESTAT:NAMA_10_GDP(1.0),"Gross domestic product (GDP) and main components (output, expenditure and income)",A,Annual,CLV10_MEUR,"Chain linked volumes (2010), million euro",B1GQ,Gross domestic product at market prices,DE,Germany,2013,,2736940.8,,,,,
dataflow,ESTAT:NAMA_10_GDP(1.0),"Gross domestic product (GDP) and main components (output, expenditure and income)",A,Annual,CLV10_MEUR,"Chain linked volumes (2010), million euro",B1GQ,Gross domestic product at market prices,DE,Germany,2014,,2796611.2,,,,,
dataflow,ESTAT:NAMA_10_GDP(1.0),"Gross domestic product (GDP) and main components (output, expenditure and income)",A,Annual,CLV10_MEUR,"Chain linked volumes (2010), million euro",B1GQ,Gross domestic product at market prices,DE,Germany,2015,,2843119.0,,,,,
dataflow,ESTAT:NAMA_10_GDP(1.0),"Gross domestic product (GDP) and main components (output, expenditure and income)",A,Annual,CLV10_MEUR,"Chain linked volumes (2010), million euro",B1GQ,Gross domestic product at market prices,DE,Germany,2016,,2906299.4,,,,,
dataflow,ESTAT:NAMA_10_GDP(1.0),"Gross domestic product (GDP) and main components (output, expenditure and income)",A,Annual,CLV10_MEUR,"Chain linked volumes (2010), million euro",B1GQ,Gross domestic product at market prices,DE,Germany,2017,,2987615.0,,,,,
dataflow,ESTAT:NAMA_10_GDP(1.0),"Gross domestic product (GDP) and main components (output, expenditure and income)",A,Annual,CLV10_MEUR,"Chain linked volumes (2010), million euro",B1GQ,Gross domestic product at market prices,DE,Germany,2018,,3021545.2,,,,,
dataflow,ESTAT:NAMA_10_GDP(1.0),"Gross domestic product (GDP) and main components (output, expenditure and income)",A,Annual,CLV10_MEUR,"Chain linked volumes (2010), million euro",B1GQ,Gross domestic product at market prices,DE,Germany,2019,,3051087.9,,,,,
dataflow,ESTAT:NAMA_10_GDP(1.0),"Gross domestic product (GDP) and main components (output, expenditure and income)",A,Annual,CLV10_MEUR,"Chain linked volumes (2010), million euro",B1GQ,Gross domestic product at market prices,DE,Germany,2020,,2925019.6,,,,,
dataflow,ESTAT:NAMA_10_GDP(1.0),"Gross domestic product (GDP) and main components (output, expenditure and income)",A,Annual,CLV10_MEUR,"Chain linked volumes (2010), million euro",B1GQ,Gross domestic product at market prices,DE,Germany,2021,,3039387.8,,,,,
dataflow,ESTAT:NAMA_10_GDP(1.0),"Gross domestic product (GDP) and main components (output, expenditure and income)",A,Annual,CLV10_MEUR,"Chain linked volumes (2010), million euro",B1GQ,Gross domestic product at market prices,DE,Germany,2022,,3094378.2,,p,provisional,,
dataflow,ESTAT:NAMA_10_GDP(1.0),"Gross domestic product (GDP) and main components (output, expenditure and income)",A,Annual,CLV10_MEUR,"Chain linked volumes (2010), million euro",B1GQ,Gross domestic product at market prices,DE,Germany,2023,,3067468.0,,p,provisional,,
dataflow,ESTAT:NAMA_10_GDP(1.0),"Gross domestic product (GDP) and main components (output, expenditure and income)",A,Annual,CLV10_MEUR,"Chain linked volumes (2010), million euro",B1GQ,Gross domestic product at market prices,ES,Spain,1995,,720845.2,,,,,
dataflow,ESTAT:NAMA_10_GDP(1.0),"Gross domestic product (GDP) and main components (output, expenditure and income)",A,Annual,CLV10_MEUR,"Chain linked volumes (2010), million euro",B1GQ,Gross domestic product at market prices,ES,Spain,1996,,739640.6,,,,,
dataflow,ESTAT:NAMA_10_GDP(1.0),"Gross domestic product (GDP) and main components (output, expenditure and income)",A,Annual,CLV10_MEUR,"Chain linked volumes (2010), million euro",B1GQ,Gross domestic product at market prices,ES,Spain,1997,,766173.7,,,,,
dataflow,ESTAT:NAMA_10_GDP(1.0),"Gross domestic product (GDP) and main components (output, expenditure and income)",A,Annual,CLV10_MEUR,"Chain linked volumes (2010), million euro",B1GQ,Gross domestic product at market prices,ES,Spain,1998,,799134.3,,,,,
dataflow,ESTAT:NAMA_10_GDP(1.0),"Gross domestic product (GDP) and main components (output, expenditure and income)",A,Annual,CLV10_MEUR,"Chain linked volumes (2010), million euro",B1GQ,Gross domestic product at market prices,ES,Spain,1999,,834367.1,,,,,
dataflow,ESTAT:NAMA_10_GDP(1.0),"Gross domestic product (GDP) and main components (output, expenditure and income)",A,Annual,CLV10_MEUR,"Chain linked volumes (2010), million euro",B1GQ,Gross domestic product at market prices,ES,Spain,2000,,877759.5,,,,,
dataflow,ESTAT:NAMA_10_GDP(1.0),"Gross domestic product (GDP) and main components (output, expenditure and income)",A,Annual,CLV10_MEUR,"Chain linked volumes (2010), million euro",B1GQ,Gross domestic product at market prices,ES,Spain,2001,,912159.7,,,,,
dataflow,ESTAT:NAMA_10_GDP(1.0),"Gross domestic product (GDP) and main components (output, expenditure and income)",A,Annual,CLV10_MEUR,"Chain linked volumes (2010), million euro",B1GQ,Gross domestic product at market prices,ES,Spain,2002,,937293.9,,,,,
dataflow,ESTAT:NAMA_10_GDP(1.0),"Gross domestic product (GDP) and main components (output, expenditure and income)",A,Annual,CLV10_MEUR,"Chain linked volumes (2010), million euro",B1GQ,Gross domestic product at market prices,ES,Spain,2003,,964843.7,,,,,
dataflow,ESTAT:NAMA_10_GDP(1.0),"Gross domestic product (GDP) and main components (output, expenditure and income)",A,Annual,CLV10_MEUR,"Chain linked volumes (2010), million euro",B1GQ,Gross domestic product at market prices,ES,Spain,2004,,994894.0,,,,,
dataflow,ESTAT:NAMA_10_GDP(1.0),"Gross domestic product (GDP) and main components (output, expenditure and income)",A,Annual,CLV10_MEUR,"Chain linked volumes (2010), million euro",B1GQ,Gross domestic product at market prices,ES,Spain,2005,,1030224.9,,,,,
dataflow,ESTAT:NAMA_10_GDP(1.0),"Gross domestic product (GDP) and main components (output, expenditure and income)",A,Annual,CLV10_MEUR,"Chain linked volumes (2010), million euro",B1GQ,Gross domestic product at market prices,ES,Spain,2006,,1071881.4,,,,,
dataflow,ESTAT:NAMA_10_GDP(1.0),"Gross domestic product (GDP) and main components (output, expenditure and income)",A,Annual,CLV10_MEUR,"Chain linked volumes (2010), million euro",B1GQ,Gross domestic product at market prices,ES,Spain,2007,,1109756.4,,,,,
dataflow,ESTAT:NAMA_10_GDP(1.0),"Gross domestic product (GDP) and main components (output, expenditure and income)",A,Annual,CLV10_MEUR,"Chain linked volumes (2010), million euro",B1GQ,Gross domestic product at market prices,ES,Spain,2008,,1118270.0,,,,,
dataflow,ESTAT:NAMA_10_GDP(1.0),"Gross domestic product (GDP) and main components (output, expenditure and income)",A,Annual,CLV10_MEUR,"Chain linked volumes (2010), million euro",B1GQ,Gross domestic product at market prices,ES,Spain,2009,,1076132.1,,,,,
dataflow,ESTAT:NAMA_10_GDP(1.0),"Gross domestic product (GDP) and main components (output, expenditure and income)",A,Annual,CLV10_MEUR,"Chain linked volumes (2010), million euro",B1GQ,Gross domestic product at market prices,ES,Spain,2010,,1077145.0,,,,,
dataflow,ESTAT:NAMA_10_GDP(1.0),"Gross domestic product (GDP) and main components (output, expenditure and income)",A,Annual,CLV10_MEUR,"Chain linked volumes (2010), million euro",B1GQ,Gross domestic product at market prices,ES,Spain,2011,,1070252.1,,,,,
dataflow,ESTAT:NAMA_10_GDP(1.0),"Gross domestic product (GDP) and main components (output, expenditure and income)",A,Annual,CLV10_MEUR,"Chain linked volumes (2010), million euro",B1GQ,Gross domestic product at market prices,ES,Spain,2012,,1039588.2,,,,,
dataflow,ESTAT:NAMA_10_GDP(1.0),"Gross domestic product (GDP) and main components (output, expenditure and income)",A,Annual,CLV10_MEUR,"Chain linked volumes (2010), million euro",B1GQ,Gross domestic product at market prices,ES,Spain,2013,,1024749.9,,,,,
dataflow,ESTAT:NAMA_10_GDP(1.0),"Gross domestic product (GDP) and main components (output, expenditure and income)",A,Annual,CLV10_MEUR,"Chain linked volumes (2010), million euro",B1GQ,Gross domestic product at market prices,ES,Spain,2014,,1040331.1,,,,,
dataflow,ESTAT:NAMA_10_GDP(1.0),"Gross domestic product (GDP) and main components (output, expenditure and income)",A,Annual,CLV10_MEUR,"Chain linked volumes (2010), million euro",B1GQ,Gross domestic product at market prices,ES,Spain,2015,,1082577.6,,,,,
dataflow,ESTAT:NAMA_10_GDP(1.0),"Gross domestic product (GDP) and main components (output, expenditure and income)",A,Annual,CLV10_MEUR,"Chain linked volumes (2010), million euro",B1GQ,Gross domestic product at market prices,ES,Spain,2016,,1114136.4,,,,,
dataflow,ESTAT:NAMA_10_GDP(1.0),"Gross domestic product (GDP) and main components (output, expenditure and income)",A,Annual,CLV10_MEUR,"Chain linked volumes (2010), million euro",B1GQ,Gross domestic product at market prices,ES,Spain,2017,,1146402.2,,,,,
dataflow,ESTAT:NAMA_10_GDP(1.0),"Gross domestic product (GDP) and main components (output, expenditure and income)",A,Annual,CLV10_MEUR,"Chain linked volumes (2010), million euro",B1GQ,Gross domestic product at market prices,ES,Spain,2018,,1173863.3,,,,,
dataflow,ESTAT:NAMA_10_GDP(1.0),"Gross domestic product (GDP) and main components (output, expenditure and income)",A,Annual,CLV10_MEUR,"Chain linked volumes (2010), million euro",B1GQ,Gross domestic product at market prices,ES,Spain,2019,,1196884.8,,,,,
dataflow,ESTAT:NAMA_10_GDP(1.0),"Gross domestic product (GDP) and main components (output, expenditure and income)",A,Annual,CLV10_MEUR,"Chain linked volumes (2010), million euro",B1GQ,Gross domestic product at market prices,ES,Spain,2020,,1065944.8,,,,,
dataflow,ESTAT:NAMA_10_GDP(1.0),"Gross domestic product (GDP) and main components (output, expenditure and income)",A,Annual,CLV10_MEUR,"Chain linked volumes (2010), million euro",B1GQ,Gross domestic product at market prices,ES,Spain,2021,,1137183.4,,,,,
dataflow,ESTAT:NAMA_10_GDP(1.0),"Gross domestic product (GDP) and main components (output, expenditure and income)",A,Annual,CLV10_MEUR,"Chain linked volumes (2010), million euro",B1GQ,Gross domestic product at market prices,ES,Spain,2022,,1209625.6,,,,,
dataflow,ESTAT:NAMA_10_GDP(1.0),"Gross domestic product (GDP) and main components (output, expenditure and income)",A,Annual,CLV10_MEUR,"Chain linked volumes (2010), million euro",B1GQ,Gross domestic product at market prices,ES,Spain,2023,,1239392.8,,p,provisional,,
dataflow,ESTAT:NAMA_10_GDP(1.0),"Gross domestic product (GDP) and main components (output, expenditure and income)",A,Annual,CLV10_MEUR,"Chain linked volumes (2010), million euro",B1GQ,Gross domestic product at market prices,FR,France,1995,,1509276.7,,,,,
dataflow,ESTAT:NAMA_10_GDP(1.0),"Gross domestic product (GDP) and main components (output, expenditure and income)",A,Annual,CLV10_MEUR,"Chain linked volumes (2010), million euro",B1GQ,Gross domestic product at market prices,FR,France,1996,,1530362.5,,,,,
dataflow,ESTAT:NAMA_10_GDP(1.0),"Gross domestic product (GDP) and main components (output, expenditure and income)",A,Annual,CLV10_MEUR,"Chain linked volumes (2010), million euro",B1GQ,Gross domestic product at market prices,FR,France,1997,,1569035.7,,,,,
dataflow,ESTAT:NAMA_10_GDP(1.0),"Gross domestic product (GDP) and main components (output, expenditure and income)",A,Annual,CLV10_MEUR,"Chain linked volumes (2010), million euro",B1GQ,Gross domestic product at market prices,FR,France,1998,,1623208.2,,,,,
dataflow,ESTAT:NAMA_10_GDP(1.0),"Gross domestic product (GDP) and main components (output, expenditure and income)",A,Annual,CLV10_MEUR,"Chain linked volumes (2010), million euro",B1GQ,Gross domestic product at market prices,FR,France,1999,,1678386.0,,,,,
dataflow,ESTAT:NAMA_10_GDP(1.0),"Gross domestic product (GDP) and main components (output, expenditure and income)",A,Annual,CLV10_MEUR,"Chain linked volumes (2010), million euro",B1GQ,Gross domestic product at market prices,FR,France,2000,,1747888.0,,,,,
dataflow,ESTAT:NAMA_10_GDP(1.0),"Gross domestic product (GDP) and main components (output, expenditure and income)",A,Annual,CLV10_MEUR,"Chain linked volumes (2010), million euro",B1GQ,Gross domestic product at market prices,FR,France,2001,,1781088.5,,,,,
dataflow,ESTAT:NAMA_10_GDP(1.0),"Gross domestic product (GDP) and main components (output, expenditure and income)",A,Annual,CLV10_MEUR,"Chain linked volumes (2010), million euro",B1GQ,Gross domestic product at market prices,FR,France,2002,,1800106.1,,,,,
dataflow,ESTAT:NAMA_10_GDP(1.0),"Gross domestic product (GDP) and main components (output, expenditure and income)",A,Annual,CLV10_MEUR,"Chain linked volumes (2010), million euro",B1GQ,Gross domestic product at market prices,FR,France,2003,,1817528.0,,,,,
dataflow,ESTAT:NAMA_10_GDP(1.0),"Gross domestic product (GDP) and main components (output, expenditure and income)",A,Annual,CLV10_MEUR,"Chain linked volumes (2010), million euro",B1GQ,Gross domestic product at market prices,FR,France,2004,,1869659.3,,,,,
dataflow,ESTAT:NAMA_10_GDP(1.0),"Gross domestic product (GDP) and main components (output, expenditure and income)",A,Annual,CLV10_MEUR,"Chain linked volumes (2010), million euro",B1GQ,Gross domestic product at market prices,FR,France,2005,,1904969.0,,,,,
dataflow,ESTAT:NAMA_10_GDP(1.0),"Gross domestic product (GDP) and main components (output, expenditure and income)",A,Annual,CLV10_MEUR,"Chain linked volumes (2010), million euro",B1GQ,Gross domestic product at market prices,FR,France,2006,,1956671.1,,,,,
dataflow,ESTAT:NAMA_10_GDP(1.0),"Gross domestic product (GDP) and main components (output, expenditure and income)",A,Annual,CLV10_MEUR,"Chain linked volumes (2010), million euro",B1GQ,Gross domestic product at market prices,FR,France,2007,,2006184.3,,,,,
dataflow,ESTAT:NAMA_10_GDP(1.0),"Gross domestic product (GDP) and main components (output, expenditure and income)",A,Annual,CLV10_MEUR,"Chain linked volumes (2010), million euro",B1GQ,Gross domestic product at market prices,FR,France,2008,,2013811.3,,,,,
dataflow,ESTAT:NAMA_10_GDP(1.0),"Gross domestic product (GDP) and main components (output, expenditure and income)",A,Annual,CLV10_MEUR,"Chain linked volumes (2010), million euro",B1GQ,Gross domestic product at market prices,FR,France,2009,,1956930.1,,,,,
dataflow,ESTAT:NAMA_10_GDP(1.0),"Gross domestic product (GDP) and main components (output, expenditure and income)",A,Annual,CLV10_MEUR,"Chain linked volumes (2010), million euro",B1GQ,Gross domestic product at market prices,FR,France,2010,,1996075.1,,,,,
dataflow,ESTAT:NAMA_10_GDP(1.0),"Gross domestic product (GDP) and main components (output, expenditure and income)",A,Annual,CLV10_MEUR,"Chain linked volumes (2010), million euro",B1GQ,Gross domestic product at market prices,FR,France,2011,,2044731.0,,,,,
dataflow,ESTAT:NAMA_10_GDP(1.0),"Gross domestic product (GDP) and main components (output, expenditure and income)",A,Annual,CLV10_MEUR,"Chain linked volumes (2010), million euro",B1GQ,Gross domestic product at market prices,FR,France,2012,,2048489.9,,,,,
dataflow,ESTAT:NAMA_10_GDP(1.0),"Gross domestic product (GDP) and main components (output, expenditure and income)",A,Annual,CLV10_MEUR,"Chain linked volumes (2010), million euro",B1GQ,Gross domestic product at market prices,FR,France,2013,,2064504.1,,,,,
dataflow,ESTAT:NAMA_10_GDP(1.0),"Gross domestic product (GDP) and main components (output, expenditure and income)",A,Annual,CLV10_MEUR,"Chain linked volumes (2010), million euro",B1GQ,Gross domestic product at market prices,FR,France,2014,,2085104.4,,,,,
dataflow,ESTAT:NAMA_10_GDP(1.0),"Gross domestic product (GDP) and main components (output, expenditure and income)",A,Annual,CLV10_MEUR,"Chain linked volumes (2010), million euro",B1GQ,Gross domestic product at market prices,FR,France,2015,,2107347.3,,,,,
dataflow,ESTAT:NAMA_10_GDP(1.0),"Gross domestic product (GDP) and main components (output, expenditure and income)",A,Annual,CLV10_MEUR,"Chain linked volumes (2010), million euro",B1GQ,Gross domestic product at market prices,FR,France,2016,,2125471.2,,,,,
dataflow,ESTAT:NAMA_10_GDP(1.0),"Gross domestic product (GDP) and main components (output, expenditure and income)",A,Annual,CLV10_MEUR,"Chain linked volumes (2010), million euro",B1GQ,Gross domestic product at market prices,FR,France,2017,,2169757.8,,,,,
dataflow,ESTAT:NAMA_10_GDP(1.0),"Gross domestic product (GDP) and main components (output, expenditure and income)",A,Annual,CLV10_MEUR,"Chain linked volumes (2010), million euro",B1GQ,Gross domestic product at market prices,FR,France,2018,,2205470.1,,,,,
dataflow,ESTAT:NAMA_10_GDP(1.0),"Gross domestic product (GDP) and main components (output, expenditure and income)",A,Annual,CLV10_MEUR,"Chain linked volumes (2010), million euro",B1GQ,Gross domestic product at market prices,FR,France,2019,,2250184.8,,,,,
dataflow,ESTAT:NAMA_10_GDP(1.0),"Gross domestic product (GDP) and main components (output, expenditure and income)",A,Annual,CLV10_MEUR,"Chain linked volumes (2010), million euro",B1GQ,Gross domestic product at market prices,FR,France,2020,,2082756.5,,,,,
dataflow,ESTAT:NAMA_10_GDP(1.0),"Gross domestic product (GDP) and main components (output, expenditure and income)",A,Annual,CLV10_MEUR,"Chain linked volumes (2010), million euro",B1GQ,Gross domestic product at market prices,FR,France,2021,,2226098.8,,,,,
dataflow,ESTAT:NAMA_10_GDP(1.0),"Gross domestic product (GDP) and main components (output, expenditure and income)",A,Annual,CLV10_MEUR,"Chain linked volumes (2010), million euro",B1GQ,Gross domestic product at market prices,FR,France,2022,,2286576.7,,,,,
dataflow,ESTAT:NAMA_10_GDP(1.0),"Gross domestic product (GDP) and main components (output, expenditure and income)",A,Annual,CLV10_MEUR,"Chain linked volumes (2010), million euro",B1GQ,Gross domestic product at market prices,FR,France,2023,,2319485.4,,p,provisional,,
dataflow,ESTAT:NAMA_10_GDP(1.0),"Gross domestic product (GDP) and main components (output, expenditure and income)",A,Annual,CLV10_MEUR,"Chain linked volumes (2010), million euro",B1GQ,Gross domestic product at market prices,IT,Italy,1995,,1416118.2,,,,,
dataflow,ESTAT:NAMA_10_GDP(1.0),"Gross domestic product (GDP) and main components (output, expenditure and income)",A,Annual,CLV10_MEUR,"Chain linked volumes (2010), million euro",B1GQ,Gross domestic product at market prices,IT,Italy,1996,,1435173.2,,,,,
dataflow,ESTAT:NAMA_10_GDP(1.0),"Gross domestic product (GDP) and main components (output, expenditure and income)",A,Annual,CLV10_MEUR,"Chain linked volumes (2010), million euro",B1GQ,Gross domestic product at market prices,IT,Italy,1997,,1462810.7,,,,,
dataflow,ESTAT:NAMA_10_GDP(1.0),"Gross domestic product (GDP) and main components (output, expenditure and income)",A,Annual,CLV10_MEUR,"Chain linked volumes (2010), million euro",B1GQ,Gross domestic product at market prices,IT,Italy,1998,,1489205.2,,,,,
dataflow,ESTAT:NAMA_10_GDP(1.0),"Gross domestic product (GDP) and main components (output, expenditure and income)",A,Annual,CLV10_MEUR,"Chain linked volumes (2010), million euro",B1GQ,Gross domestic product at market prices,IT,Italy,1999,,1514194.0,,,,,
dataflow,ESTAT:NAMA_10_GDP(1.0),"Gross domestic product (GDP) and main components (output, expenditure and income)",A,Annual,CLV10_MEUR,"Chain linked volumes (2010), million euro",B1GQ,Gross domestic product at market prices,IT,Italy,2000,,1572976.5,,,,,
dataflow,ESTAT:NAMA_10_GDP(1.0),"Gross domestic product (GDP) and main components (output, expenditure and income)",A,Annual,CLV10_MEUR,"Chain linked volumes (2010), million euro",B1GQ,Gross domestic product at market prices,IT,Italy,2001,,1604537.2,,,,,
dataflow,ESTAT:NAMA_10_GDP(1.0),"Gross domestic product (GDP) and main components (output, expenditure and income)",A,Annual,CLV10_MEUR,"Chain linked volumes (2010), million euro",B1GQ,Gross domestic product at market prices,IT,Italy,2002,,1608868.3,,,,,
dataflow,ESTAT:NAMA_10_GDP(1.0),"Gross domestic product (GDP) and main components (output, expenditure and income)",A,Annual,CLV10_MEUR,"Chain linked volumes (2010), million euro",B1GQ,Gross domestic product at market prices,IT,Italy,2003,,1609939.1,,,,,
dataflow,ESTAT:NAMA_10_GDP(1.0),"Gross domestic product (GDP) and main components (output, expenditure and income)",A,Annual,CLV10_MEUR,"Chain linked volumes (2010), million euro",B1GQ,Gross domestic product at market prices,IT,Italy,2004,,1633669.9,,,,,
dataflow,ESTAT:NAMA_10_GDP(1.0),"Gross domestic product (GDP) and main components (output, expenditure and income)",A,Annual,CLV10_MEUR,"Chain linked volumes (2010), million euro",B1GQ,Gross domestic product at market prices,IT,Italy,2005,,1646125.2,,,,,
dataflow,ESTAT:NAMA_10_GDP(1.0),"Gross domestic product (GDP) and main components (output, expenditure and income)",A,Annual,CLV10_MEUR,"Chain linked volumes (2010), million euro",B1GQ,Gross domestic product at market prices,IT,Italy,2006,,1675746.9,,,,,
dataflow,ESTAT:NAMA_10_GDP(1.0),"Gross domestic product (GDP) and main components (output, expenditure and income)",A,Annual,CLV10_MEUR,"Chain linked volumes (2010), million euro",B1GQ,Gross domestic product at market prices,IT,Italy,2007,,1700251.2,,,,,
dataflow,ESTAT:NAMA_10_GDP(1.0),"Gross domestic product (GDP) and main components (output, expenditure and income)",A,Annual,CLV10_MEUR,"Chain linked volumes (2010), million euro",B1GQ,Gross domestic product at market prices,IT,Italy,2008,,1682855.3,,,,,
dataflow,ESTAT:NAMA_10_GDP(1.0),"Gross domestic product (GDP) and main components (output, expenditure and income)",A,Annual,CLV10_MEUR,"Chain linked volumes (2010), million euro",B1GQ,Gross domestic product at market prices,IT,Italy,2009,,1593577.2,,,,,
dataflow,ESTAT:NAMA_10_GDP(1.0),"Gross domestic product (GDP) and main components (output, expenditure and income)",A,Annual,CLV10_MEUR,"Chain linked volumes (2010), million euro",B1GQ,Gross domestic product at market prices,IT,Italy,2010,,1617944.7,,,,,
dataflow,ESTAT:NAMA_10_GDP(1.0),"Gross domestic product (GDP) and main components (output, expenditure and income)",A,Annual,CLV10_MEUR,"Chain linked volumes (2010), million euro",B1GQ,Gross domestic product at market prices,IT,Italy,2011,,1629196.9,,,,,
dataflow,ESTAT:NAMA_10_GDP(1.0),"Gross domestic product (GDP) and main components (output, expenditure and income)",A,Annual,CLV10_MEUR,"Chain linked volumes (2010), million euro",B1GQ,Gross domestic product at market prices,IT,Italy,2012,,1578280.6,,,,,
dataflow,ESTAT:NAMA_10_GDP(1.0),"Gross domestic product (GDP) and main components (output, expenditure and income)",A,Annual,CLV10_MEUR,"Chain linked volumes (2010), million euro",B1GQ,Gross domestic product at market prices,IT,Italy,2013,,1549587.1,,,,,
dataflow,ESTAT:NAMA_10_GDP(1.0),"Gross domestic product (GDP) and main components (output, expenditure and income)",A,Annual,CLV10_MEUR,"Chain linked volumes (2010), million euro",B1GQ,Gross domestic product at market prices,IT,Italy,2014,,1549565.6,,,,,
dataflow,ESTAT:NAMA_10_GDP(1.0),"Gross domestic product (GDP) and main components (output, expenditure and income)",A,Annual,CLV10_MEUR,"Chain linked volumes (2010), million euro",B1GQ,Gross domestic product at market prices,IT,Italy,2015,,1563289.6,,,,,
dataflow,ESTAT:NAMA_10_GDP(1.0),"Gross domestic product (GDP) and main components (output, expenditure and income)",A,Annual,CLV10_MEUR,"Chain linked volumes (2010), million euro",B1GQ,Gross domestic product at market prices,IT,Italy,2016,,1582615.3,,,,,
dataflow,ESTAT:NAMA_10_GDP(1.0),"Gross domestic product (GDP) and main components (output, expenditure and income)",A,Annual,CLV10_MEUR,"Chain linked volumes (2010), million euro",B1GQ,Gross domestic product at market prices,IT,Italy,2017,,1607995.7,,,,,
dataflow,ESTAT:NAMA_10_GDP(1.0),"Gross domestic product (GDP) and main components (output, expenditure and income)",A,Annual,CLV10_MEUR,"Chain linked volumes (2010), million euro",B1GQ,Gross domestic product at market prices,IT,Italy,2018,,1621288.1,,,,,
dataflow,ESTAT:NAMA_10_GDP(1.0),"Gross domestic product (GDP) and main components (output, expenditure and income)",A,Annual,CLV10_MEUR,"Chain linked volumes (2010), million euro",B1GQ,Gross domestic product at market prices,IT,Italy,2019,,1628246.1,,,,,
dataflow,ESTAT:NAMA_10_GDP(1.0),"Gross domestic product (GDP) and main components (output, expenditure and income)",A,Annual,CLV10_MEUR,"Chain linked volumes (2010), million euro",B1GQ,Gross domestic product at market prices,IT,Italy,2020,,1483849.6,,,,,
dataflow,ESTAT:NAMA_10_GDP(1.0),"Gross domestic product (GDP) and main components (output, expenditure and income)",A,Annual,CLV10_MEUR,"Chain linked volumes (2010), million euro",B1GQ,Gross domestic product at market prices,IT,Italy,2021,,1616373.2,,,,,
dataflow,ESTAT:NAMA_10_GDP(1.0),"Gross domestic product (GDP) and main components (output, expenditure and income)",A,Annual,CLV10_MEUR,"Chain linked volumes (2010), million euro",B1GQ,Gross domestic product at market prices,IT,Italy,2022,,1694301.4,,,,,
dataflow,ESTAT:NAMA_10_GDP(1.0),"Gross domestic product (GDP) and main components (output, expenditure and income)",A,Annual,CLV10_MEUR,"Chain linked volumes (2010), million euro",B1GQ,Gross domestic product at market prices,IT,Italy,2023,,1710832.6,,,,,
